/*
Navicat MySQL Data Transfer

Source Server         : 本地
Source Server Version : 50553
Source Host           : localhost:3306
Source Database       : cjbxxq

Target Server Type    : MYSQL
Target Server Version : 50553
File Encoding         : 65001

Date: 2018-02-24 16:51:56
*/

SET FOREIGN_KEY_CHECKS=0;

-- ----------------------------
-- Table structure for sd_admin
-- ----------------------------
DROP TABLE IF EXISTS `sd_admin`;
CREATE TABLE `sd_admin` (
  `id` int(11) NOT NULL AUTO_INCREMENT,
  `user_name` varchar(255) COLLATE utf8_bin NOT NULL DEFAULT '' COMMENT '用户名',
  `password` varchar(255) COLLATE utf8_bin NOT NULL DEFAULT '' COMMENT '密码',
  `login_times` int(11) NOT NULL DEFAULT '0' COMMENT '登陆次数',
  `last_login_ip` varchar(255) COLLATE utf8_bin NOT NULL DEFAULT '' COMMENT '最后登录IP',
  `last_login_time` int(11) NOT NULL DEFAULT '0' COMMENT '最后登录时间',
  `real_name` varchar(255) COLLATE utf8_bin NOT NULL DEFAULT '' COMMENT '真实姓名',
  `status` int(1) NOT NULL DEFAULT '0' COMMENT '状态',
  `role_id` int(11) NOT NULL DEFAULT '1' COMMENT '用户角色id',
  PRIMARY KEY (`id`)
) ENGINE=InnoDB AUTO_INCREMENT=4 DEFAULT CHARSET=utf8 COLLATE=utf8_bin;

-- ----------------------------
-- Records of sd_admin
-- ----------------------------
INSERT INTO `sd_admin` VALUES ('1', 'admin', '21232f297a57a5a743894a0e4a801fc3', '102', '127.0.0.1', '1518332409', 'admin', '1', '1');
INSERT INTO `sd_admin` VALUES ('3', 'user', 'e10adc3949ba59abbe56e057f20f883e', '1', '127.0.0.1', '1515480964', 'user', '1', '2');

-- ----------------------------
-- Table structure for sd_articles
-- ----------------------------
DROP TABLE IF EXISTS `sd_articles`;
CREATE TABLE `sd_articles` (
  `id` int(11) NOT NULL AUTO_INCREMENT COMMENT '文章id',
  `title` varchar(155) NOT NULL COMMENT '文章标题',
  `description` varchar(255) NOT NULL COMMENT '文章描述',
  `keywords` varchar(155) NOT NULL COMMENT '文章关键字',
  `thumbnail` varchar(255) NOT NULL COMMENT '文章缩略图',
  `content` text NOT NULL COMMENT '文章内容',
  `add_time` datetime NOT NULL COMMENT '发布时间',
  PRIMARY KEY (`id`)
) ENGINE=MyISAM AUTO_INCREMENT=3 DEFAULT CHARSET=utf8;

-- ----------------------------
-- Records of sd_articles
-- ----------------------------
INSERT INTO `sd_articles` VALUES ('2', '文章标题', '文章描述', '关键字1,关键字2,关键字3', '/upload/20170916/1e915c70dbb9d3e8a07bede7b64e4cff.png', '<p><img src=\"/upload/image/20170916/1505555254.png\" title=\"1505555254.png\" alt=\"QQ截图20170916174651.png\"/></p><p>测试文章内容</p><p>测试内容</p>', '2017-09-16 17:47:44');

-- ----------------------------
-- Table structure for sd_award
-- ----------------------------
DROP TABLE IF EXISTS `sd_award`;
CREATE TABLE `sd_award` (
  `id` int(10) NOT NULL AUTO_INCREMENT COMMENT '奖品id',
  `name` varchar(50) NOT NULL DEFAULT '' COMMENT '奖品名称',
  `thumd` varchar(255) NOT NULL DEFAULT '' COMMENT '奖品缩略图',
  `type` tinyint(1) NOT NULL DEFAULT '1' COMMENT '奖品类型',
  `chance` int(10) NOT NULL DEFAULT '0' COMMENT '中奖概率',
  `num` int(10) NOT NULL DEFAULT '0' COMMENT '奖品数量',
  `desc` text NOT NULL COMMENT '奖品描述',
  `api_id` int(10) NOT NULL DEFAULT '0' COMMENT 'api对应id',
  `api_link` varchar(255) NOT NULL DEFAULT '' COMMENT '领取奖品url',
  `add_time` int(10) NOT NULL DEFAULT '0' COMMENT '添加时间',
  `update_time` int(10) NOT NULL DEFAULT '0' COMMENT '更新时间',
  `user_id` int(10) NOT NULL DEFAULT '0' COMMENT '添加人',
  `sort` int(10) NOT NULL DEFAULT '0' COMMENT '排序',
  `store_address` varchar(150) NOT NULL DEFAULT '' COMMENT '门店地址',
  `store_phone` varchar(15) NOT NULL DEFAULT '' COMMENT '门店联系电话',
  `discount` float(10,2) NOT NULL DEFAULT '0.00' COMMENT '门店折扣',
  `login_phone` varchar(15) NOT NULL DEFAULT '' COMMENT '登录电话',
  `login_password` varchar(50) NOT NULL DEFAULT '' COMMENT '登录密码',
  `is_modify` tinyint(1) NOT NULL DEFAULT '0' COMMENT '是否修改密码',
  PRIMARY KEY (`id`)
) ENGINE=MyISAM AUTO_INCREMENT=6 DEFAULT CHARSET=utf8;

-- ----------------------------
-- Records of sd_award
-- ----------------------------
INSERT INTO `sd_award` VALUES ('1', '奖品1', '/upload/award/20171214/aca817bf638f9d797adaeadfdf737225.png', '1', '1000', '99', '奖品1奖品1', '123', '', '1513228392', '1517205136', '1', '0', '', '', '6.00', '', '', '0');
INSERT INTO `sd_award` VALUES ('2', '奖品2', '/upload/award/20171214/34b80507ab3424672052d969c21fafeb.png', '1', '1000', '99', '奖品2奖品2', '122', '', '1513229524', '1517205120', '1', '0', '', '', '9.00', '', '', '0');
INSERT INTO `sd_award` VALUES ('3', '奖品3', '/upload/award/20171214/cfdd03764a26e2113400a9d07fd5cb3e.png', '1', '1000', '99', '奖品3奖品3', '121', '', '1513229614', '1517205104', '1', '0', '', '', '5.00', '', '', '0');
INSERT INTO `sd_award` VALUES ('4', '百度外卖', '/upload/award/20171214/bde9426fabee64a992f2dde18922038d.png', '1', '1000', '99', '百度外卖百度外卖2', '123', '', '1513237054', '1516086805', '1', '0', '', '', '9.50', '', '', '0');
INSERT INTO `sd_award` VALUES ('5', '大龙火锅(春熙路概念店)', '/upload/award/20180116/9321255c83d687098d2aec6226c27b4b.png', '1', '1000', '99', '大龙火锅(春熙路概念店)大龙火锅(春熙路概念店)', '0', '', '1516086943', '1517207357', '1', '0', '成都市锦江区红星路四段25号附23号 2楼', '028-65773893', '9.00', '', '', '0');

-- ----------------------------
-- Table structure for sd_award_log
-- ----------------------------
DROP TABLE IF EXISTS `sd_award_log`;
CREATE TABLE `sd_award_log` (
  `id` int(10) NOT NULL AUTO_INCREMENT,
  `member_id` int(10) NOT NULL DEFAULT '0' COMMENT '会员id',
  `member_phone` varchar(15) NOT NULL DEFAULT '' COMMENT '会员电话',
  `award_id` int(10) NOT NULL DEFAULT '0' COMMENT '奖品id',
  `add_time` int(10) NOT NULL DEFAULT '0' COMMENT '中奖时间',
  `link_url` varchar(255) NOT NULL DEFAULT '' COMMENT '虚拟奖品链接',
  `mobile` varchar(15) NOT NULL DEFAULT '' COMMENT '实物奖品中奖者电话',
  `address` varchar(255) NOT NULL DEFAULT '' COMMENT '实物奖品中奖者地址',
  `is_use` tinyint(1) NOT NULL DEFAULT '0' COMMENT '是否使用或兑换',
  `code_str` varchar(10) NOT NULL DEFAULT '' COMMENT '随机码',
  `is_validate` tinyint(1) NOT NULL DEFAULT '0' COMMENT '是否验证',
  PRIMARY KEY (`id`)
) ENGINE=MyISAM AUTO_INCREMENT=6 DEFAULT CHARSET=utf8;

-- ----------------------------
-- Records of sd_award_log
-- ----------------------------
INSERT INTO `sd_award_log` VALUES ('1', '1', '15858282359', '3', '1516930900', '', '', '', '0', '', '0');
INSERT INTO `sd_award_log` VALUES ('2', '1', '15858282359', '5', '1516930926', '', '', '', '0', '', '0');
INSERT INTO `sd_award_log` VALUES ('3', '3', '15828230592', '2', '1517204784', '', '', '', '0', '', '0');
INSERT INTO `sd_award_log` VALUES ('4', '3', '15828230592', '1', '1517204814', '', '', '', '0', 'A93C4FE', '0');
INSERT INTO `sd_award_log` VALUES ('5', '5', '15828230596', '4', '1517278555', '', '', '', '0', '', '0');

-- ----------------------------
-- Table structure for sd_award_record
-- ----------------------------
DROP TABLE IF EXISTS `sd_award_record`;
CREATE TABLE `sd_award_record` (
  `id` int(10) NOT NULL AUTO_INCREMENT,
  `add_time` int(10) NOT NULL DEFAULT '0' COMMENT '添加时间',
  `member_id` int(10) NOT NULL DEFAULT '0' COMMENT '用户id',
  PRIMARY KEY (`id`)
) ENGINE=MyISAM AUTO_INCREMENT=6 DEFAULT CHARSET=utf8;

-- ----------------------------
-- Records of sd_award_record
-- ----------------------------
INSERT INTO `sd_award_record` VALUES ('1', '1517204933', '3');
INSERT INTO `sd_award_record` VALUES ('2', '1517210688', '3');
INSERT INTO `sd_award_record` VALUES ('3', '1517278545', '5');
INSERT INTO `sd_award_record` VALUES ('4', '1517278555', '5');
INSERT INTO `sd_award_record` VALUES ('5', '1519365162', '3');

-- ----------------------------
-- Table structure for sd_coupons
-- ----------------------------
DROP TABLE IF EXISTS `sd_coupons`;
CREATE TABLE `sd_coupons` (
  `id` int(10) NOT NULL AUTO_INCREMENT COMMENT '线下优惠券id',
  `name` varchar(50) NOT NULL DEFAULT '' COMMENT '优惠券名称',
  `desc` text NOT NULL COMMENT '优惠券描述',
  `thumd` varchar(100) NOT NULL DEFAULT '' COMMENT '活动缩略图',
  `discount` float(3,2) NOT NULL DEFAULT '0.00' COMMENT '折扣',
  `store_address` varchar(255) NOT NULL DEFAULT '' COMMENT '门店地址',
  `store_phone` varchar(15) NOT NULL DEFAULT '' COMMENT '联系电话',
  `start_time` int(10) NOT NULL DEFAULT '0' COMMENT '活动开始时间',
  `end_time` int(10) NOT NULL DEFAULT '0' COMMENT '活动结束时间',
  `add_time` int(10) NOT NULL DEFAULT '0' COMMENT '添加时间',
  `user_id` int(10) NOT NULL DEFAULT '0' COMMENT '管理员id',
  `status` tinyint(1) NOT NULL DEFAULT '1' COMMENT '状态',
  `class_id` int(10) NOT NULL DEFAULT '0' COMMENT '分类id',
  `is_recommend` tinyint(1) NOT NULL DEFAULT '0' COMMENT '是否推荐',
  `login_phone` varchar(15) NOT NULL DEFAULT '' COMMENT '登录电话',
  `login_password` varchar(50) NOT NULL DEFAULT '' COMMENT '登录密码',
  `is_modify` tinyint(1) NOT NULL DEFAULT '0' COMMENT '密码是否修改',
  PRIMARY KEY (`id`)
) ENGINE=InnoDB AUTO_INCREMENT=195 DEFAULT CHARSET=utf8;

-- ----------------------------
-- Records of sd_coupons
-- ----------------------------
INSERT INTO `sd_coupons` VALUES ('1', '云梦庭·古法湘菜(银泰中心in99店)', '85元！价值100元的代金券1张，仅适用于单点正价菜品，酒水、特价套餐除外，可叠加使用2张', '', '8.50', '高新区天府大道北段1199号成都银泰中心in99七楼702', '028-62066527', '1517560092', '1546272000', '1517560092', '1', '1', '1', '1', '', '', '0');
INSERT INTO `sd_coupons` VALUES ('2', '云梦庭·古法湘菜(群光店)', '85元！价值100元的代金券1张，仅适用于单点正价菜品，酒水、特价套餐除外，可叠加使用2张', '', '8.50', ' 群光广场9楼(近中山广场)', '028-65000107', '1517560092', '1546272000', '1517560092', '1', '1', '1', '1', '', '', '0');
INSERT INTO `sd_coupons` VALUES ('3', '缘为火锅', '89元！价值100元的代金券1张，仅适用于菜品，可叠加使用5张', '', '8.90', '武侯区玉林南街12号附28号', ' 028-85400777', '1517560092', '1546272000', '1517560092', '1', '1', '1', '0', '', '', '0');
INSERT INTO `sd_coupons` VALUES ('4', '宴御海鲜姿造(桐梓林店', '378元！价值398元的晚市单人豪华自助，桐梓林点周末不接待', '', '9.50', '武侯区人民南路四段上善国际3层(地铁1号线桐梓林站B出口)', '028-85002000', '1517560092', '1546272000', '1517560092', '1', '1', '1', '0', '', '', '0');
INSERT INTO `sd_coupons` VALUES ('5', '宴御海鲜姿造(太古里店', '378元！价值398元的晚市单人豪华自助', '', '9.50', '锦江区南纱帽街晶融汇二期洋展购四楼', '028-85002111', '1517560092', '1546272000', '1517560092', '1', '1', '1', '0', '', '', '0');
INSERT INTO `sd_coupons` VALUES ('6', '自留田西北菜(COSMO财富中心店)', '95元！价值100元的代金券1张，全场通用，可叠加使用', '', '9.50', ' 大业路6号COSMO财富中心3层', '028-62434788', '1517560092', '1546272000', '1517560092', '1', '1', '1', '0', '', '', '0');
INSERT INTO `sd_coupons` VALUES ('7', '自留田西北菜(群光广场店', '95元！价值100元的代金券2张，全场通用，可叠加使用', '', '9.50', '锦江区春熙路南段8号群光广场9层', '17323032957/659', '1517560092', '1546272000', '1517560092', '1', '1', '1', '0', '', '', '0');
INSERT INTO `sd_coupons` VALUES ('8', '自留田西北菜(鹏瑞利店)', '95元！价值100元的代金券3张，全场通用，可叠加使用', '', '9.50', ' 鹏瑞利广场2楼', '028-62107506', '1517560092', '1546272000', '1517560092', '1', '1', '1', '0', '', '', '0');
INSERT INTO `sd_coupons` VALUES ('9', '集渔·泰式海鲜火锅(网红科华店', '438元！价值458元的4人海鲜套餐1份', '', '9.60', '武侯区科华街5号附2号(蓝色加勒比广场附近)', '17760511200', '1517560092', '1546272000', '1517560092', '1', '1', '1', '0', '', '', '0');
INSERT INTO `sd_coupons` VALUES ('10', '比格比萨(sm广场店', '55元！价值58元的比格自助比萨单人自助晚餐', '', '9.50', '成华区二环路东二段29号sm广场4层', '028-83573957', '1517560092', '1546272000', '1517560092', '1', '1', '1', '0', '', '', '0');
INSERT INTO `sd_coupons` VALUES ('11', '比格自助披萨(凯德广场店', '55元！价值58元的比格自助比萨单人自助晚餐', '', '9.50', '金牛区交大路178号凯德广场4层', '028-68965601', '1517560092', '1546272000', '1517560092', '1', '1', '1', '0', '', '', '0');
INSERT INTO `sd_coupons` VALUES ('12', ' 味之绝美蛙鱼头火锅（太古里店）', '95元！价值100元的代金券1张，全场通用，可叠加使用', '', '9.50', '锦江区大慈寺路54号(蜀都大道红星路口公交站背后)', '028-86666145', '1517560092', '1546272000', '1517560092', '1', '1', '1', '0', '', '', '0');
INSERT INTO `sd_coupons` VALUES ('13', '情妹妹干锅锅(春熙路店)', '88元！价值100元的代金券1张，全场通用，可叠加使用', '', '8.80', '红星路4段265-271号', '028-86655168', '1517560092', '1546272000', '1517560092', '1', '1', '1', '0', '', '', '0');
INSERT INTO `sd_coupons` VALUES ('14', '红杏酒家(锦华店) ', '82.5元！价值100元的代金券1张，仅适用于菜品、鲜榨饮料、茶水、自带酒水服务费，不可抵扣香烟、酒水，可叠加使用50张', '', '8.30', '锦华路一段68号万达广场(万达广场1号门旁)', '028-82000860', '1517560092', '1546272000', '1517560092', '1', '1', '1', '0', '', '', '0');
INSERT INTO `sd_coupons` VALUES ('15', '红杏酒家(羊西店) ', '82.5元！价值100元的代金券1张，仅适用于菜品、鲜榨饮料、茶水、自带酒水服务费，不可抵扣香烟、酒水，可叠加使用51张', '', '8.30', ' 一品天下大街13号(地铁2号线C出口)', '028-87534630 02', '1517560092', '1546272000', '1517560092', '1', '1', '1', '0', '', '', '0');
INSERT INTO `sd_coupons` VALUES ('16', '红杏酒家(紫荆店) ', '82.5元！价值100元的代金券1张，仅适用于菜品、鲜榨饮料、茶水、自带酒水服务费，不可抵扣香烟、酒水，可叠加使用52张', '', '8.30', '紫薇东路137号(近紫荆南路)', ' 028-85175388 0', '1517560092', '1546272000', '1517560092', '1', '1', '1', '0', '', '', '0');
INSERT INTO `sd_coupons` VALUES ('17', '红杏酒家(人北店) ', '82.5元！价值100元的代金券1张，仅适用于菜品、鲜榨饮料、茶水、自带酒水服务费，不可抵扣香烟、酒水，可叠加使用53张', '', '8.30', '1环路北3段1号万达广场1F层(近星巴克)', ' 028-82009977', '1517560092', '1546272000', '1517560092', '1', '1', '1', '0', '', '', '0');
INSERT INTO `sd_coupons` VALUES ('18', '红杏酒家(明珠店) ', '82.5元！价值100元的代金券1张，仅适用于菜品、鲜榨饮料、茶水、自带酒水服务费，不可抵扣香烟、酒水，可叠加使用54张', '', '8.30', '建设北路三段7-9号(厂北路口)', ' 028-83253388 0', '1517560092', '1546272000', '1517560092', '1', '1', '1', '0', '', '', '0');
INSERT INTO `sd_coupons` VALUES ('19', '红杏酒家(荣华店) ', '82.5元！价值100元的代金券1张，仅适用于菜品、鲜榨饮料、茶水、自带酒水服务费，不可抵扣香烟、酒水，可叠加使用55张', '', '8.30', ' 剑南大道中段716号清凤时代3栋404-405号', ' 028-65773233', '1517560092', '1546272000', '1517560092', '1', '1', '1', '0', '', '', '0');
INSERT INTO `sd_coupons` VALUES ('20', '锦城印象火锅酒楼', '85元！价值100元的代金券1张，除香烟外全场通用，可叠加使用10张', '', '8.50', '华润路169号2楼-(翡翠城四期1号门对面)', '028-86787177', '1517560092', '1546272000', '1517560092', '1', '1', '1', '0', '', '', '0');
INSERT INTO `sd_coupons` VALUES ('21', '醉烧刀自助海鲜美食荟', '78元！价值138元的海鲜烤肉或涮涮锅', '', '5.70', '东大街上东大街段111号春熙village商城6层(新世界百货旁)', '028-86666671 02', '1517560092', '1546272000', '1517560092', '1', '1', '1', '0', '', '', '0');
INSERT INTO `sd_coupons` VALUES ('22', '巴色鱼捞(金沙直营店)', '128元！最高价值165元的午市超值双人套餐', '', '7.80', '金阳路79号附11号', '028-87088861', '1517560092', '1546272000', '1517560092', '1', '1', '1', '0', '', '', '0');
INSERT INTO `sd_coupons` VALUES ('23', '巴色鱼捞(汇锦城直营店)', '128元！最高价值165元的午市超值双人套餐', '', '7.80', '新区盛邦街94号汇锦城南门', '028-87789822', '1517560092', '1546272000', '1517560092', '1', '1', '1', '0', '', '', '0');
INSERT INTO `sd_coupons` VALUES ('24', '巴色鱼捞(双楠直营店)', '128元！最高价值165元的午市超值双人套餐', '', '7.80', '外双楠云影路2号附9号', ' 028-87040608', '1517560092', '1546272000', '1517560092', '1', '1', '1', '0', '', '', '0');
INSERT INTO `sd_coupons` VALUES ('25', '巴色鱼捞(棕北直营店)', '128元！最高价值165元的午市超值双人套餐', '', '7.80', '锦绣路34号棕北国际大厦2楼(近好又多)', '028-61516778', '1517560092', '1546272000', '1517560092', '1', '1', '1', '0', '', '', '0');
INSERT INTO `sd_coupons` VALUES ('26', '巴色鱼捞(西安北路直营店) ', '128元！最高价值165元的午市超值双人套餐', '', '7.80', '西安北路69号(公交站对面)', '028-89541246', '1517560092', '1546272000', '1517560092', '1', '1', '1', '0', '', '', '0');
INSERT INTO `sd_coupons` VALUES ('27', '巴色鱼捞(龙湖直营店)', '128元！最高价值165元的午市超值双人套餐', '', '7.80', '五块石路龙湖北城天街四楼', '028-68965321', '1517560092', '1546272000', '1517560092', '1', '1', '1', '0', '', '', '0');
INSERT INTO `sd_coupons` VALUES ('28', '情妹耙泥鳅', '88元！价值100元的代金券1张，仅适用于除酒水饮料外，全场菜品通用，可叠加使用', '', '8.80', '科华北路153号宏地大厦一楼(二环路口)', '028-85241696', '1517560092', '1546272000', '1517560092', '1', '1', '1', '0', '', '', '0');
INSERT INTO `sd_coupons` VALUES ('29', '蜀大侠火锅(春熙店) ', '92元！价值100元的代金劵1张，全场通用，可叠加使用。', '', '9.20', '上东大街6号春南商场2楼(西南书城对面)', ' 028-87666679', '1517560092', '1546272000', '1517560092', '1', '1', '1', '0', '', '', '0');
INSERT INTO `sd_coupons` VALUES ('30', '蜀大侠火锅(西玉龙店)', '92元！价值100元的代金劵1张，全场通用，可叠加使用。', '', '9.20', '西玉龙街207号附8号(贵阳银行对面)', '028-86785757', '1517560092', '1546272000', '1517560092', '1', '1', '1', '0', '', '', '0');
INSERT INTO `sd_coupons` VALUES ('31', '蜀大侠火锅(总府路店)', '92元！价值100元的代金劵1张，全场通用，可叠加使用。', '', '9.20', '商业街1号2层', '028-86666757', '1517560092', '1546272000', '1517560092', '1', '1', '1', '0', '', '', '0');
INSERT INTO `sd_coupons` VALUES ('32', '蜀大侠火锅(少陵路店)', '92元！价值100元的代金劵1张，全场通用，可叠加使用。', '', '9.20', '少陵路437号(muse酒吧斜对面、公交站斜后方)', '028-86661899', '1517560092', '1546272000', '1517560092', '1', '1', '1', '0', '', '', '0');
INSERT INTO `sd_coupons` VALUES ('33', '蜀大侠火锅(建设路店)', '92元！价值100元的代金劵1张，全场通用，可叠加使用。', '', '9.20', ' 建设路26号附274号', ' 028-86781899', '1517560092', '1546272000', '1517560092', '1', '1', '1', '0', '', '', '0');
INSERT INTO `sd_coupons` VALUES ('34', '蜀大侠火锅(红牌楼店)', '92元！价值100元的代金劵1张，全场通用，可叠加使用。', '', '9.20', '佳灵路6号(红牌楼家乐福斜对面)', '028-86661636', '1517560092', '1546272000', '1517560092', '1', '1', '1', '0', '', '', '0');
INSERT INTO `sd_coupons` VALUES ('35', '舌尖记忆(金牛万达广场店)', '89元！价值100元的代金券1张，全场通用，可叠加使用', '', '8.90', '环路北三段1号金牛万达广场4层', '028-62708655', '1517560092', '1546272000', '1517560092', '1', '1', '1', '0', '', '', '0');
INSERT INTO `sd_coupons` VALUES ('36', '舌尖记忆(九方店)', '89元！价值100元的代金券1张，全场通用，可叠加使用', '', '8.90', ' 高新区九方购物中心5楼', ' 028-83346311', '1517560092', '1546272000', '1517560092', '1', '1', '1', '0', '', '', '0');
INSERT INTO `sd_coupons` VALUES ('37', '小猪猪(群光广场店)', '92元！价值100元的晚市代金券1张，全场通用，可叠加使用3张', '', '9.20', '春熙路南段8号群光广场8层', '028-65000098', '1517560092', '1546272000', '1517560092', '1', '1', '1', '0', '', '', '0');
INSERT INTO `sd_coupons` VALUES ('38', '小猪猪(凯德广场新南店)', '92元！价值100元的晚市代金券1张，全场通用，可叠加使用4张', '', '9.20', '盛和一路99号凯德广场新南4层(原凯丹广场)', '028-65009977', '1517560092', '1546272000', '1517560092', '1', '1', '1', '0', '', '', '0');
INSERT INTO `sd_coupons` VALUES ('39', '小猪猪(青羊万达店)', '92元！价值100元的晚市代金券1张，全场通用，可叠加使用5张', '', '9.20', '青羊万达广场4层5号', '028-86698218', '1517560092', '1546272000', '1517560092', '1', '1', '1', '0', '', '', '0');
INSERT INTO `sd_coupons` VALUES ('40', '重庆邓毛肚火锅(高新5店)', '88元！价值100元的代金券1张，全场通用，可叠加使用', '', '8.80', '天府二街1352号蜀九香酒楼旁', '028-85145677', '1517560092', '1546272000', '1517560092', '1', '1', '1', '0', '', '', '0');
INSERT INTO `sd_coupons` VALUES ('41', '重庆邓毛肚火锅(双楠店)', '88元！价值100元的代金券1张，全场通用，可叠加使用', '', '8.80', '双楠小区双楠街208号(近大唐茶府)', '028-85097658', '1517560092', '1546272000', '1517560092', '1', '1', '1', '0', '', '', '0');
INSERT INTO `sd_coupons` VALUES ('42', '重庆邓毛肚火锅(蜀汉路店)', '88元！价值100元的代金券1张，全场通用，可叠加使用', '', '8.80', '蜀蓉路5号(蜀汉路润邦国际酒店对面)', ' 028-87542958', '1517560092', '1546272000', '1517560092', '1', '1', '1', '0', '', '', '0');
INSERT INTO `sd_coupons` VALUES ('43', '大鱼山房(14年品质店)', '95元！价值100元的代金券1张，除酒水、饮料、包间费、烟外全场通用，可叠加使用', '', '9.50', '大鱼山房(14年品质店)', '028-85072066', '1517560092', '1546272000', '1517560092', '1', '1', '1', '0', '', '', '0');
INSERT INTO `sd_coupons` VALUES ('44', '签王之王(总府路店)', '38.8元！价值100元的代金券1张，全场通用，可叠加使用2张/88代金券', '', '6.80', '福兴街30号附101-102(春熙路王府井旁)', ' 028-84170897', '1517560092', '1546272000', '1517560092', '1', '1', '1', '0', '', '', '0');
INSERT INTO `sd_coupons` VALUES ('45', '签王之王(宽窄巷子店)', '38.8元！价值100元的代金券1张，全场通用，可叠加使用2张/88代金券', '', '6.80', '下同仁路9号', '028-69981561', '1517560092', '1546272000', '1517560092', '1', '1', '1', '0', '', '', '0');
INSERT INTO `sd_coupons` VALUES ('46', '签王之王(武侯祠店)', '38.8元！价值100元的代金券1张，全场通用，可叠加使用2张/88代金券', '', '6.80', '武侯祠大街238号', '028-86786896', '1517560092', '1546272000', '1517560092', '1', '1', '1', '0', '', '', '0');
INSERT INTO `sd_coupons` VALUES ('47', '签王之王(春熙路店)', '38.8元！价值100元的代金券1张，全场通用，可叠加使用2张/88代金券', '', '6.80', '东大街188号', ' 028-86622676', '1517560092', '1546272000', '1517560092', '1', '1', '1', '0', '', '', '0');
INSERT INTO `sd_coupons` VALUES ('48', '小烽烧风味酒馆(世豪店)', '88元！价值100元的代金券1张，除酒水饮料外全场通用，可叠加使用2张', '', '8.80', '剑南大道中段998号一层C111b二层C206a/C206b号(世豪广场招商银行旁)', '17380123389', '1517560092', '1546272000', '1517560092', '1', '1', '1', '0', '', '', '0');
INSERT INTO `sd_coupons` VALUES ('49', '斗鸡饭场伙(新城市广场店)', '98元！价值165元的会员午市套餐，建议2人使用', '', '5.90', '同心路27号(新城市广场旁,三国映像酒店附近)', ' 028-86698913', '1517560092', '1546272000', '1517560092', '1', '1', '1', '0', '', '', '0');
INSERT INTO `sd_coupons` VALUES ('50', '斗鸡饭场伙(新南门店)', '98元！价值165元的会员午市套餐，建议2人使用', '', '5.90', '新南路8号', ' 028-85361826', '1517560092', '1546272000', '1517560092', '1', '1', '1', '0', '', '', '0');
INSERT INTO `sd_coupons` VALUES ('51', '斗鸡饭场伙(浆洗街店) ', '98元！价值165元的会员午市套餐，建议2人使用', '', '5.90', '浆洗街12号(浆洗街分场)', ' 028-85222372', '1517560092', '1546272000', '1517560092', '1', '1', '1', '0', '', '', '0');
INSERT INTO `sd_coupons` VALUES ('52', '自贡好吃客(玉林店', '268元！最高价值373元的美蛙四人套餐', '', '7.20', '玉林横街1号附1号(近玉林综合市场)', '028-85048103', '1517560092', '1546272000', '1517560092', '1', '1', '1', '0', '', '', '0');
INSERT INTO `sd_coupons` VALUES ('53', '自贡好吃客(清江西路店)', '268元！最高价值373元的美蛙四人套餐', '', '7.20', '清江西路69号', '028-87330993', '1517560092', '1546272000', '1517560092', '1', '1', '1', '0', '', '', '0');
INSERT INTO `sd_coupons` VALUES ('54', '自贡好吃客(华润店)', '88元！价值100元的代金券1张，除酒，烟，饮料外全场通用，可叠加使用', '', '8.80', '华润路88号二楼1号翡翠城5期华润万家超市旁', '028-68907313', '1517560092', '1546272000', '1517560092', '1', '1', '1', '0', '', '', '0');
INSERT INTO `sd_coupons` VALUES ('55', '有鱼吃纸上烤鱼(银石广场购物中心店', '85元！价值100元的代金券1张，除酒水饮料、甜品、店内套餐外全场通用，可叠加使用', '', '8.50', '红星路三段99号银石广场购物中心5层(比格自助附近)', '028-69066000', '1517560092', '1546272000', '1517560092', '1', '1', '1', '0', '', '', '0');
INSERT INTO `sd_coupons` VALUES ('56', '有鱼吃纸上烤鱼(银泰店', '85元！价值100元的代金券1张，除酒水饮料、甜品、店内套餐外全场通用，可叠加使用', '', '8.50', '益州大道1999号银泰城4层453号(蓉和小厨)', '028-69907355', '1517560092', '1546272000', '1517560092', '1', '1', '1', '0', '', '', '0');
INSERT INTO `sd_coupons` VALUES ('57', '有鱼吃纸上烤鱼(春熙旗舰店)', '85元！价值100元的代金券1张，除酒水饮料、甜品、店内套餐外全场通用，可叠加使用', '', '8.50', '春熙路南段1号春南商厦美食城3楼(群光广场正对面)', '028-69907366', '1517560092', '1546272000', '1517560092', '1', '1', '1', '0', '', '', '0');
INSERT INTO `sd_coupons` VALUES ('58', '卞氏菜根香(华润二十四城店)', '95元！价值100元的代金劵1张，仅适用于适用范围：菜品，可叠加使用', '', '9.50', '双福二路39号20栋1层1号', '028-61333777', '1517560092', '1546272000', '1517560092', '1', '1', '1', '0', '', '', '0');
INSERT INTO `sd_coupons` VALUES ('59', '菜根小厨(红牌楼店)', '95元！价值100元的代金劵1张，仅适用于适用范围：菜品，可叠加使用', '', '9.50', '二环路南四段莱蒙都会广场(近天虹百货)', '028-85012319', '1517560092', '1546272000', '1517560092', '1', '1', '1', '0', '', '', '0');
INSERT INTO `sd_coupons` VALUES ('60', '菜根小厨(龙湖北城天街商场店)', '95元！价值100元的代金劵1张，仅适用于适用范围：菜品，可叠加使用', '', '9.50', '五福桥东路9号龙湖北城天街商场5层(五块石电子市场)', '028-68900809', '1517560092', '1546272000', '1517560092', '1', '1', '1', '0', '', '', '0');
INSERT INTO `sd_coupons` VALUES ('61', '卞氏菜根香(高升桥店)', '95元！价值100元的代金劵1张，仅适用于适用范围：菜品，可叠加使用', '', '9.50', '高升桥东路3号(罗马假日广场对面)', '028-85190501', '1517560092', '1546272000', '1517560092', '1', '1', '1', '0', '', '', '0');
INSERT INTO `sd_coupons` VALUES ('62', '锦庐道地川菜(凯德来福士店)', '89.9元！价值100元的代金券1张，全场通用', '', '8.90', '人民南路四段3号凯德·成都来福士广场5层', '028-87432106', '1517560092', '1546272000', '1517560092', '1', '1', '1', '0', '', '', '0');
INSERT INTO `sd_coupons` VALUES ('63', '锦庐道地川菜(群光广场店', '89.9元！价值100元的代金券1张，全场通用', '', '8.90', '春熙路南段8号群光广场9层', '028-65970121', '1517560092', '1546272000', '1517560092', '1', '1', '1', '0', '', '', '0');
INSERT INTO `sd_coupons` VALUES ('64', '佐冷馋•串串里(春熙概念店)', '92元！价值100元的全场通用代金券1张，全场通用，可叠加使用', '', '9.20', '东大街下东大街段166号(靠近小龙坎、纱帽街公交站牌)', '028-62671777', '1517560092', '1546272000', '1517560092', '1', '1', '1', '0', '', '', '0');
INSERT INTO `sd_coupons` VALUES ('65', '蛙来哒炭烧牛蛙(COSMO财富中心店)', '99元！价值128元的双人午市套餐/228元！最高价值286元的经典特色4人餐', '', '7.70', '大业路6号COSMO财富中心3层', '028-86700023 18', '1517560092', '1546272000', '1517560092', '1', '1', '1', '0', '', '', '0');
INSERT INTO `sd_coupons` VALUES ('66', '蛙来哒炭烧牛蛙(金牛万达店)', '99元！价值128元的双人午市套餐/228元！最高价值286元的经典特色4人餐', '', '7.70', '环路北三段1号金牛万达广场4层', ' 028-68461255', '1517560092', '1546272000', '1517560092', '1', '1', '1', '0', '', '', '0');
INSERT INTO `sd_coupons` VALUES ('67', '花开藤蔓重庆火锅(春熙路店)', '88元！价值100元的代金券1张，全场通用', '', '8.80', '春熙路群光广场9楼', '028-65000135', '1517560092', '1546272000', '1517560092', '1', '1', '1', '0', '', '', '0');
INSERT INTO `sd_coupons` VALUES ('68', '汤乐源', '119元，价值139元单人泡汤汗蒸通用券，节假日通用', '', '8.60', '科园南一路10号旁(近南三环五段)', '028-82226666', '1517560503', '1546272000', '1517560503', '1', '1', '2', '1', '', '', '0');
INSERT INTO `sd_coupons` VALUES ('69', '大黄蜂动漫', '48元，价值60元大黄蜂动漫游戏币120个', '', '8.00', '交大路178号凯德广场4楼(奇迹健身旁)', '028-87662031', '1517560503', '1546272000', '1517560503', '1', '1', '2', '1', '', '', '0');
INSERT INTO `sd_coupons` VALUES ('70', '御手国医馆(紫荆店)', '98元，价值108元单人本草足道1次，节假日通用', '', '9.00', '紫薇东路95号附2号（(大蓉和对面)', '028-86036210', '1517560503', '1546272000', '1517560503', '1', '1', '2', '0', '', '', '0');
INSERT INTO `sd_coupons` VALUES ('71', '御手国医馆(锦里店)', '98元，价值108元单人本草足道1次，节假日通用', '', '9.00', '武侯祠大街123号附22号(近省交通厅)武侯祠大街123号附22号(近省交通厅)', '028-85551193', '1517560503', '1546272000', '1517560503', '1', '1', '2', '0', '', '', '0');
INSERT INTO `sd_coupons` VALUES ('72', '御手国医馆(建设路店)', '98元，价值108元单人本草足道1次，节假日通用', '', '9.00', '建设北路三段26号成功银玺国际三楼(龙湖三千集)', ' 028-84331877', '1517560503', '1546272000', '1517560503', '1', '1', '2', '0', '', '', '0');
INSERT INTO `sd_coupons` VALUES ('73', '御手国医馆(一品天下店) ', '98元，价值108元单人本草足道1次，节假日通用', '', '9.00', '一品天下大街175号(近人人乐)', '028-87509059', '1517560503', '1546272000', '1517560503', '1', '1', '2', '0', '', '', '0');
INSERT INTO `sd_coupons` VALUES ('74', '御手国医馆(光华店)', '98元，价值108元单人本草足道1次，节假日通用', '', '9.00', '光华村街85号附301号', '028-86123100\n\n', '1517560503', '1546272000', '1517560503', '1', '1', '2', '0', '', '', '0');
INSERT INTO `sd_coupons` VALUES ('75', '御手国医馆(广福桥店)', '98元，价值108元单人本草足道1次，节假日通用', '', '9.00', '广福桥正街2号附15号', '028-85562215', '1517560503', '1546272000', '1517560503', '1', '1', '2', '0', '', '', '0');
INSERT INTO `sd_coupons` VALUES ('76', '诺亚方舟(羊犀店)', '149元，价值239元单人净桑1次（周日至周四）（国家法定节假日不可用）', '', '6.20', '金科南路169号(地铁二号线-金科北路站)', '028-66509999', '1517560503', '1546272000', '1517560503', '1', '1', '2', '0', '', '', '0');
INSERT INTO `sd_coupons` VALUES ('77', '南国明珠', '98元，价值168元单人足浴套餐，节假日通用', '', '5.80', '西月城街11号正黄金域国际2楼', '028-61502708 02', '1517560503', '1546272000', '1517560503', '1', '1', '2', '0', '', '', '0');
INSERT INTO `sd_coupons` VALUES ('78', 'LANDART油画艺术体验馆（金牛凯德店', '168元，价值410元零基础单人绘画套餐（标准框型），节假日通用', '', '4.10', '交大路183号金牛凯德二期一楼中庭旁', '18000524412', '1517560503', '1546272000', '1517560503', '1', '1', '2', '0', '', '', '0');
INSERT INTO `sd_coupons` VALUES ('79', 'LANDART油画艺术体验馆（凯德天府店', '168元，价值410元零基础单人绘画套餐（标准框型），节假日通用', '', '4.10', '天仁路388号凯德天府3楼11号', '028-84162385 18', '1517560503', '1546272000', '1517560503', '1', '1', '2', '0', '', '', '0');
INSERT INTO `sd_coupons` VALUES ('80', '盖碗儿·梨园茶馆(川剧变脸戏院）', '118元，价值260元【品盖碗香茗·赏精品节目】普通座川剧变脸表演单人套餐！节假日通用', '', '4.50', '天府广场负一楼B06(地铁B出口，生命奥秘博物馆旁)', '028-86122326 13', '1517560503', '1546272000', '1517560503', '1', '1', '2', '0', '', '', '0');
INSERT INTO `sd_coupons` VALUES ('81', '异次元密室逃脱（异次元旗舰店）', '49.9元，价值120元单人票1张，节假日通用', '', '4.20', '西大街1号新城市广场A栋3楼(碳来香三国烤肉旁)', '028-87367887 40', '1517560503', '1546272000', '1517560503', '1', '1', '2', '0', '', '', '0');
INSERT INTO `sd_coupons` VALUES ('82', '七八公社酒馆', '80元，价值100元两人怀旧套餐，不限时段通用', '', '8.00', '东门大桥东方时代商城三楼(何师烧烤旁)', '028-86954196 13', '1517560503', '1546272000', '1517560503', '1', '1', '2', '0', '', '', '0');
INSERT INTO `sd_coupons` VALUES ('83', '嘉兰馆Spa&Massage', '168元，价值218元泰式单人古法按摩，节假日通用', '', '7.70', '二环路西一段179号天祥广场商务公馆1301(仁和春天对面)', '028-87370711 02', '1517560503', '1546272000', '1517560503', '1', '1', '2', '0', '', '', '0');
INSERT INTO `sd_coupons` VALUES ('84', '头等舱私人影咖', '88元，价值186元通用观影券，节假日通用', '', '4.70', '二环路西一段179号天祥广场四栋501室(光华村仁和春天旁)', '15308061310', '1517560503', '1546272000', '1517560503', '1', '1', '2', '0', '', '', '0');
INSERT INTO `sd_coupons` VALUES ('85', '猎奇轰趴馆', '1880元，价值2444元周末场', '', '7.70', '东大街下东大街段21号附29号香槟广场3层', '13337711555', '1517560503', '1546272000', '1517560503', '1', '1', '2', '0', '', '', '0');
INSERT INTO `sd_coupons` VALUES ('86', 'whoamiVR虚拟现实竞技休闲馆', '148元，价值216元whoamiVR双人票，节假日通用', '', '6.90', '青年路21号(春熙路太平洋电影城旁青春里酒店三楼)', '028-85113362', '1517560503', '1546272000', '1517560503', '1', '1', '2', '0', '', '', '0');
INSERT INTO `sd_coupons` VALUES ('87', 'Vision VR体验馆', '88元，价值135元HTC VIVE VR 60分钟畅玩', '', '6.90', '建设路高地2栋1单元1602', '18000555047', '1517560503', '1546272000', '1517560503', '1', '1', '2', '0', '', '', '0');
INSERT INTO `sd_coupons` VALUES ('88', '成都国际卡丁车', '86.8元，价值120元卡丁车200CC单人激情套餐（6圈），免费WiFi！免费停车位', '', '7.20', '锦江大道成都国际赛车场内(原金港大道)', '028-84554488', '1517560503', '1546272000', '1517560503', '1', '1', '2', '0', '', '', '0');
INSERT INTO `sd_coupons` VALUES ('89', '镭战联盟BlackLegend', '98元，价值158元单人疯狂畅玩4小时套餐/45元，价值55元射箭半小时（时间内不限箭数量）', '', '6.20', '建设南路东郊记忆镭战联盟(南大门)', '028-81148066 18', '1517560503', '1546272000', '1517560503', '1', '1', '2', '0', '', '', '0');
INSERT INTO `sd_coupons` VALUES ('90', '老兵越野卡丁车基地', '59元，价值105元单人驾驶越野卡丁车3圈', '', '5.60', '锦江区三圣乡幸福梅林滨湖东路邻湖水庄旁(白鹭湾)', '15102823258 181', '1517560503', '1546272000', '1517560503', '1', '1', '2', '0', '', '', '0');
INSERT INTO `sd_coupons` VALUES ('91', '奇元素脑体全开实境游戏馆', '68元，价值128元闲时单人体验票，免费WiFi！', '', '5.30', '建设路10号万科·钻石广场3层(乘麦当劳旁步梯上3楼)', '028-65272720', '1517560503', '1546272000', '1517560503', '1', '1', '2', '0', '', '', '0');
INSERT INTO `sd_coupons` VALUES ('92', ' 优培生陶艺（少陵路店', '98元，价值180元拉坯体验套餐，节假日通用', '', '5.40', '少陵东街1号金地花园10幢2楼成实外教育', '028-65258122', '1517560503', '1546272000', '1517560503', '1', '1', '2', '0', '', '', '0');
INSERT INTO `sd_coupons` VALUES ('93', '优培生陶艺(凯德广场店)', '98元，价值180元拉坯体验套餐，节假日通用', '', '5.40', '交大路凯德广场二期六楼天空农场', '028-85004200', '1517560503', '1546272000', '1517560503', '1', '1', '2', '0', '', '', '0');
INSERT INTO `sd_coupons` VALUES ('94', '木子陶吧(锦华万达店)', '68元，价值110元单人陶艺全包套餐2选1，节假日通用/150元，价值200元陶艺私人订制，节假日通用', '', '6.20', '万达广场11单元26楼36号', '13979823230', '1517560503', '1546272000', '1517560503', '1', '1', '2', '0', '', '', '0');
INSERT INTO `sd_coupons` VALUES ('95', '木子陶吧(建设路店)', '68元，价值110元单人陶艺全包套餐2选1，节假日通用/150元，价值200元陶艺私人订制，节假日通用', '', '6.10', '建设路伊藤洋华堂2栋2单元2909', '13879835323', '1517560503', '1546272000', '1517560503', '1', '1', '2', '0', '', '', '0');
INSERT INTO `sd_coupons` VALUES ('96', '小浣熊的花花草草(凯德天府店)', '88元，价值98元绿色生态微景观秩序白银套餐DIY手作体验', '', '8.90', ' 高新区天仁路388号凯德天府4层言几又书店内', '17608040352', '1517560503', '1546272000', '1517560503', '1', '1', '2', '0', '', '', '0');
INSERT INTO `sd_coupons` VALUES ('97', '小浣熊的花花草草(ifs国际金融店)', '88元，价值98元绿色生态微景观秩序白银套餐DIY手作体验', '', '8.90', ' 红星路步行街3段1号ifs国际金融中心LGB2层', '17608040352 150', '1517560503', '1546272000', '1517560503', '1', '1', '2', '0', '', '', '0');
INSERT INTO `sd_coupons` VALUES ('98', '绘玩Painting', '98元，价值139元手绘创意手机壳套餐，节假日通用', '', '7.10', '第一城A座1309号(春熙路地铁站D出口)', '13348844604 139', '1517560503', '1546272000', '1517560503', '1', '1', '2', '0', '', '', '0');
INSERT INTO `sd_coupons` VALUES ('99', '水漾年华国际美食养生水疗会', '78元！价值158元的单人晚餐自助/138元，价值238元单人净桑+三餐体验劵，节假日通用', '', '4.90', '一品天下大街131号附107', '028-87575998 02', '1517560503', '1546272000', '1517560503', '1', '1', '2', '0', '', '', '0');
INSERT INTO `sd_coupons` VALUES ('100', '何日君温泉水疗(南门一店) ', '168元，价值218元单人净桑1次＋豪华自助餐4餐，节假日通用/128元，价值138元单人净桑1次＋早餐宵夜，节假日通用', '', '7.70', '倪家桥路2号附8号(晨光大厦西侧)', '028-85555500', '1517560503', '1546272000', '1517560503', '1', '1', '2', '0', '', '', '0');
INSERT INTO `sd_coupons` VALUES ('101', '何日君温泉酒店(静居寺店)', '168元，价值218元单人净桑1次＋豪华自助餐4餐，节假日通用/128元，价值138元单人净桑1次＋早餐宵夜，节假日通用', '', '7.70', '净居寺南街88号(近净居寺)', '028-66336633', '1517560503', '1546272000', '1517560503', '1', '1', '2', '0', '', '', '0');
INSERT INTO `sd_coupons` VALUES ('102', '碧海云天休闲会馆', '179元，价值189元单人净桑（节假日通用），节假日通用/149元，价值189元单人净桑（周日-周四', '', '9.40', '蜀辉路477号(羊犀立交桥内侧)', '028-65300000', '1517560503', '1546272000', '1517560503', '1', '1', '2', '0', '', '', '0');
INSERT INTO `sd_coupons` VALUES ('103', '無同酒吧', '168元，价值358元2-4人大红大紫红酒热卤套餐', '', '4.60', '九眼桥望江路1号中海格林威治城无同三层(望江路公交站)', '028-87318387 18', '1517560503', '1546272000', '1517560503', '1', '1', '2', '0', '', '', '0');
INSERT INTO `sd_coupons` VALUES ('104', '808音乐大篷车', '88元，价值220元心花露放，不限时段通用', '', '4.00', '九眼桥丝管路1号(诚信食府旁)', '13548047918', '1517560503', '1546272000', '1517560503', '1', '1', '2', '0', '', '', '0');
INSERT INTO `sd_coupons` VALUES ('105', '水母酒吧(科华北路店)', '48元，价值106元自由随心配套餐 不限张数', '', '4.50', '科华北路143号蓝色加勒比广场2楼(近四川大学南门)', '13540411327', '1517560503', '1546272000', '1517560503', '1', '1', '2', '0', '', '', '0');
INSERT INTO `sd_coupons` VALUES ('106', '水母酒吧(兰桂坊店)', '70元，价值126元鸡尾酒套餐(不限张数），不限时段通用', '', '5.50', '兰桂坊水井街1号门', '028-85019041', '1517560503', '1546272000', '1517560503', '1', '1', '2', '0', '', '', '0');
INSERT INTO `sd_coupons` VALUES ('107', '鲨鱼精酿啤酒馆', '99元，价值195元店内特定系列生啤任选3杯套餐，不限时段通用', '', '5.10', '天久南巷316号', '13551177550', '1517560503', '1546272000', '1517560503', '1', '1', '2', '0', '', '', '0');
INSERT INTO `sd_coupons` VALUES ('108', '马格鲜酿啤酒馆', '44元，价值88元超值鲜酿啤酒2选1', '', '6.70', '窄巷子29号(近星巴克宽窄巷子店)', '028-86210777', '1517560503', '1546272000', '1517560503', '1', '1', '2', '0', '', '', '0');
INSERT INTO `sd_coupons` VALUES ('109', '素年茶咖', '86元，价值98元4小时4人包间机麻', '', '8.70', '天仙桥北路3号', '028-86202633', '1517560503', '1546272000', '1517560503', '1', '1', '2', '0', '', '', '0');
INSERT INTO `sd_coupons` VALUES ('110', 'Mr Fay Club涡流之家轰趴', '160元，价值188元桌游6人套餐', '', '8.50', '长华路万科商业广场4楼(太平洋影城)', '18030566172', '1517560503', '1546272000', '1517560503', '1', '1', '2', '0', '', '', '0');
INSERT INTO `sd_coupons` VALUES ('111', 'H2VR高端体验馆(香槟广场店)', '88元，价值120元HTC VIVE黑科技VR畅玩60分钟', '', '7.30', '东大街香槟广场一区1406号(凯宾酒店楼上)', '13982050595', '1517560503', '1546272000', '1517560503', '1', '1', '2', '0', '', '', '0');
INSERT INTO `sd_coupons` VALUES ('112', 'Hair Code芭曲发型(银泰城店)', '78元，价值88元【专业组】精致单人裁剪', '', '8.90', '高新区益州大道1999号银泰城L4层418号(1号门入扶手电梯直上四层转左，韩品轩烤肉斜', '028-83221696', '1517560710', '1546272000', '1517560710', '1', '1', '3', '1', '', '', '0');
INSERT INTO `sd_coupons` VALUES ('113', 'HairCode芭曲发型(世豪广场店)', '78元，价值88元【专业组】精致单人裁剪', '', '8.90', '天府二街999号世豪广场5层  ', ' 028-84532622', '1517560710', '1546272000', '1517560710', '1', '1', '3', '1', '', '', '0');
INSERT INTO `sd_coupons` VALUES ('114', 'HairCode芭曲发型(凯丹广场店)', '78元，价值88元【专业组】精致单人裁剪', '', '8.90', '盛和一路99号凯德广场新南B1层(近天府立交)  ', '028-65979615 02', '1517560710', '1546272000', '1517560710', '1', '1', '3', '0', '', '', '0');
INSERT INTO `sd_coupons` VALUES ('115', 'Hair Code芭曲发型(万象城店)', '78元，价值88元【专业组】精致单人裁剪', '', '8.90', '双庆路8号华润万象城商场A区2层246号  ', ' 028-84736896', '1517560710', '1546272000', '1517560710', '1', '1', '3', '0', '', '', '0');
INSERT INTO `sd_coupons` VALUES ('116', 'Hair Code芭曲发型(大悦城店)', '78元，价值88元【专业组】精致单人裁剪', '', '8.90', '大悦城3楼051室(商场夏中庭)  ', '028-82892955', '1517560710', '1546272000', '1517560710', '1', '1', '3', '0', '', '', '0');
INSERT INTO `sd_coupons` VALUES ('117', 'MM by HairCode芭曲发型(太古里店)', '78元，价值88元【专业组】精致单人裁剪', '', '8.90', '中纱帽街8号远洋太古里东里13栋2层2209', ' 028-62106049 0', '1517560710', '1546272000', '1517560710', '1', '1', '3', '0', '', '', '0');
INSERT INTO `sd_coupons` VALUES ('118', 'MM by HairCode芭曲发型(银泰中心IN99店)', '78元，价值88元【专业组】精致单人裁剪', '', '8.90', '天府大道北段1199号银泰中心in99六层624号  ', '028-85911334', '1517560710', '1546272000', '1517560710', '1', '1', '3', '0', '', '', '0');
INSERT INTO `sd_coupons` VALUES ('119', '意念造型(水璟唐店)', '108元，价值508元〖创意组〗精致单人裁剪+兰莎健康发质还原霜', '', '5.60', '锦官驿街4栋4号(水津街与合江桥交口北侧100米)  ', '028-65190069', '1517560710', '1546272000', '1517560710', '1', '1', '3', '0', '', '', '0');
INSERT INTO `sd_coupons` VALUES ('120', '意念造型(王府井店)', '108元，价值508元〖创意组〗精致单人裁剪+兰莎健康发质还原霜', '', '5.60', '福兴街58号', '028-86755899', '1517560710', '1546272000', '1517560710', '1', '1', '3', '0', '', '', '0');
INSERT INTO `sd_coupons` VALUES ('121', '意念造型(仁和春天广场店)', '108元，价值508元〖创意组〗精致单人裁剪+兰莎健康发质还原霜', '', '5.60', '二环路西二段19号光华大道口仁和春天广场3层', '028-61500399', '1517560710', '1546272000', '1517560710', '1', '1', '3', '0', '', '', '0');
INSERT INTO `sd_coupons` VALUES ('122', '意念造型(高新店)', '108元，价值508元〖创意组〗精致单人裁剪+兰莎健康发质还原霜', '', '5.60', ' 成汉南路90号(誉峰仁和春天；仁和春天国际花园)', '028-83396939', '1517560710', '1546272000', '1517560710', '1', '1', '3', '0', '', '', '0');
INSERT INTO `sd_coupons` VALUES ('123', '初生肌肤研究所 Chosen Skin Clinic', '99元，价值399元【圣诞元旦】注氧净痘首次体验，节假日通用', '', '5.60', '大慈寺路朗御2单元46楼', ' 028-62106578', '1517560710', '1546272000', '1517560710', '1', '1', '3', '0', '', '', '0');
INSERT INTO `sd_coupons` VALUES ('124', '你今天真好看(建设路店)', '58元，价值400元【简约百搭】单人超值简约＋2指款式，节假日通用', '', '5.50', '建设路万科钻石广场A座17楼1712五星商户（写字楼A座出电梯后右转直走）', '13688305730', '1517560710', '1546272000', '1517560710', '1', '1', '3', '0', '', '', '0');
INSERT INTO `sd_coupons` VALUES ('125', '你今天真好看(金牛万达店)', '58元，价值400元【简约百搭】单人超值简约＋2指款式，节假日通用', '', '5.50', '人民北路二段金牛万达广场SOHO-A座24楼2405室(A座从星巴克旁边大厅进入)', '15902841838 173', '1517560710', '1546272000', '1517560710', '1', '1', '3', '0', '', '', '0');
INSERT INTO `sd_coupons` VALUES ('126', '你今天真好看(钻石广场二店)', '58元，价值400元【简约百搭】单人超值简约＋2指款式，节假日通用', '', '5.50', '建设路钻石广场a座18楼1826', '13688305730', '1517560710', '1546272000', '1517560710', '1', '1', '3', '0', '', '', '0');
INSERT INTO `sd_coupons` VALUES ('127', '你今天真好看(天府三街店)', '58元，价值400元【简约百搭】单人超值简约＋2指款式，节假日通用', '', '5.50', '天府三街ICON大源国际二期2栋11楼1104室(园里火锅对面，英联网咖楼上)', '15328064071 135', '1517560710', '1546272000', '1517560710', '1', '1', '3', '0', '', '', '0');
INSERT INTO `sd_coupons` VALUES ('128', '反时针 FashionRoom(交大店)', '38元，价值98元【首次体验】发型定制裁剪，节假日通用', '', '6.50', '群星路78号', '028-87601366', '1517560710', '1546272000', '1517560710', '1', '1', '3', '0', '', '', '0');
INSERT INTO `sd_coupons` VALUES ('129', '反时针 FashionRoom(九方店)', '38元，价值98元【首次体验】发型定制裁剪，节假日通用', '', '6.50', ' 高新区府城大道中段88号九方购物中心5楼  ', ' 028-65067669', '1517560710', '1546272000', '1517560710', '1', '1', '3', '0', '', '', '0');
INSERT INTO `sd_coupons` VALUES ('130', '反时针 FashionRoom(鹭岛店)', '38元，价值98元【首次体验】发型定制裁剪，节假日通用', '', '6.50', '龙华南路103号(双丰路38号院对面)', '028-85252280', '1517560710', '1546272000', '1517560710', '1', '1', '3', '0', '', '', '0');
INSERT INTO `sd_coupons` VALUES ('131', '反时针 FashionRoom(sm广场店)', '38元，价值98元【首次体验】发型定制裁剪，节假日通用', '', '6.50', ' 二环路东二段29号sm广场B1层(麦当劳楼下，乡村基隔壁)  ', '028-84301985', '1517560710', '1546272000', '1517560710', '1', '1', '3', '0', '', '', '0');
INSERT INTO `sd_coupons` VALUES ('132', '蜜丝卡伦美甲美睫(世豪广场店)', '98元，价值290元单人手部纯色美甲套餐，节假日通用！', '', '6.50', '天府二街999号世豪广场2层(必胜客旁)  ', '028-65783520', '1517560710', '1546272000', '1517560710', '1', '1', '3', '0', '', '', '0');
INSERT INTO `sd_coupons` VALUES ('133', '蜜丝卡伦美甲美睫(二十四城馆)', '98元，价值290元单人手部纯色美甲套餐，节假日通用！', '', '6.50', '双成三路17号附31号华润二十四城3期(全家超市旁)', ' 028-83518271', '1517560710', '1546272000', '1517560710', '1', '1', '3', '0', '', '', '0');
INSERT INTO `sd_coupons` VALUES ('134', '蜜丝卡伦美甲美睫(金楠天街', '98元，价值290元单人手部纯色美甲套餐，节假日通用！', '', '6.50', '晋吉北路259号(优衣库二楼户外花园)  ', ' 028-85029692', '1517560710', '1546272000', '1517560710', '1', '1', '3', '0', '', '', '0');
INSERT INTO `sd_coupons` VALUES ('135', '蜜丝卡伦美甲美睫(福年店)', '98元，价值290元单人手部纯色美甲套餐，节假日通用！', '', '6.50', '天府三街199号福年1楼(停车场入口处熙客吊锅菜对面)', ' 028-65782777', '1517560710', '1546272000', '1517560710', '1', '1', '3', '0', '', '', '0');
INSERT INTO `sd_coupons` VALUES ('136', '蜜丝卡伦美甲美睫(誉峰店)', '98元，价值290元单人手部纯色美甲套餐，节假日通用！', '', '6.50', '锦晖西二街312号(么么超市旁)', '028-83522952', '1517560710', '1546272000', '1517560710', '1', '1', '3', '0', '', '', '0');
INSERT INTO `sd_coupons` VALUES ('137', '蜜丝卡伦美甲美睫(凯德广场店)', '98元，价值290元单人手部纯色美甲套餐，节假日通用！', '', '6.50', '万科魅力之城凯德广场4楼(卢米埃电影院旁)', '028-83249871', '1517560710', '1546272000', '1517560710', '1', '1', '3', '0', '', '', '0');
INSERT INTO `sd_coupons` VALUES ('138', '蜜丝卡伦美甲美睫(IFS店)', '98元，价值290元单人手部纯色美甲套餐，节假日通用！', '', '6.50', '国际金融中心Y+青年空间L660K(优衣库对面)', '028-61999582', '1517560710', '1546272000', '1517560710', '1', '1', '3', '0', '', '', '0');
INSERT INTO `sd_coupons` VALUES ('139', '蜜丝卡伦美甲美睫(凯德天府馆)', '98元，价值290元单人手部纯色美甲套餐，节假日通用！', '', '6.50', '天仁路388号凯德天府5层35号(百丽宫影城旁)  ', '028-86050395', '1517560710', '1546272000', '1517560710', '1', '1', '3', '0', '', '', '0');
INSERT INTO `sd_coupons` VALUES ('140', '世纪精剪(红牌楼店)', '138元，价值180元〖首席组〗单人定制裁剪套餐，节假日通用，男女通用！长短发不限', '', '7.60', '红牌楼长城西一路61号', '028-86668699', '1517560710', '1546272000', '1517560710', '1', '1', '3', '0', '', '', '0');
INSERT INTO `sd_coupons` VALUES ('141', '世纪精剪(新希望路店)', '138元，价值180元〖首席组〗单人定制裁剪套餐，节假日通用，男女通用！长短发不限', '', '7.60', '新希望路2号附8号', '028-86668339', '1517560710', '1546272000', '1517560710', '1', '1', '3', '0', '', '', '0');
INSERT INTO `sd_coupons` VALUES ('142', '世纪精剪(中华园老店)', '138元，价值180元〖首席组〗单人定制裁剪套餐，节假日通用，男女通用！长短发不限', '', '7.60', '桐梓林北路5号附21号(近家乐福大世界、好利来蛋糕)', '028-85130757', '1517560710', '1546272000', '1517560710', '1', '1', '3', '0', '', '', '0');
INSERT INTO `sd_coupons` VALUES ('143', 'YASIN BEAUTY SPA', '88元，价值148元补水挚爱 面部水润护理/108元，价值168元白领舒压必选 肩颈舒缓护理', '', '5.90', '二环路东二段7号东城国际B座6楼612', '028-86784972', '1517560710', '1546272000', '1517560710', '1', '1', '3', '0', '', '', '0');
INSERT INTO `sd_coupons` VALUES ('144', 'MYSKIN韩国皮肤管理中心(银泰in99店)', '228元，价值680元【纯正韩国】Myskin单人面部气泡+水氧清洁管理套餐', '', '6.50', '天府大道1199号银泰in99L6楼629b号(6楼电影院)', '028-65225358', '1517560710', '1546272000', '1517560710', '1', '1', '3', '0', '', '', '0');
INSERT INTO `sd_coupons` VALUES ('145', 'MYSKIN韩国皮肤管理中心(保利店)', '228元，价值680元【纯正韩国】Myskin单人面部气泡+水氧清洁管理套餐', '', '6.50', '领事馆路9号保利中心D座1507号韩国医翠多授权专业店', '028-85597976', '1517560710', '1546272000', '1517560710', '1', '1', '3', '0', '', '', '0');
INSERT INTO `sd_coupons` VALUES ('146', '香楠极道养生汇馆', '88元，价值580元【焕颜爆款】单人微气泡水氧清洁补水+深层保湿养护套餐/168元，价值792元【精油SPA】芳香精油SPA套餐', '', '5.60', '盛丰路71号红楠生活广场香楠SPA2F', '028-61511811', '1517560710', '1546272000', '1517560710', '1', '1', '3', '0', '', '', '0');
INSERT INTO `sd_coupons` VALUES ('147', '香楠·隐愈(成都花园店)', '88元，价值580元【焕颜爆款】单人微气泡水氧清洁补水+深层保湿养护套餐/168元，价值792元【精油SPA】芳香精油SPA套餐', '', '5.60', '家园南街1号上城成都花园2栋2单元502青羊区品质优选商户', '028-85082238 17', '1517560710', '1546272000', '1517560710', '1', '1', '3', '0', '', '', '0');
INSERT INTO `sd_coupons` VALUES ('148', '沐澜SPA美容会所(紫荆店)', '198元，价值598元悦动舒压全身SPA/238元，价值798元单人全身经络按摩调理1次', '', '5.60', '中华园紫竹中街1号D幢1楼1号', '028-85187505', '1517560710', '1546272000', '1517560710', '1', '1', '3', '0', '', '', '0');
INSERT INTO `sd_coupons` VALUES ('149', '沐澜SPA美容会所(高新店)', '198元，价值598元悦动舒压全身SPA/238元，价值798元单人全身经络按摩调理1次', '', '5.60', '高新区天府二街荣华北路299号雅颂居沐澜', '028-65293997 02', '1517560710', '1546272000', '1517560710', '1', '1', '3', '0', '', '', '0');
INSERT INTO `sd_coupons` VALUES ('150', '希尔顿酒店云端恒温游泳池', '158元，价值258元单人游泳1次，节假日通用', '', '6.10', '天府大道666号成都希尔顿酒店39F(天府三街)', '028-65723077', '1517560814', '1546272000', '1517560814', '1', '1', '4', '1', '', '', '0');
INSERT INTO `sd_coupons` VALUES ('151', '菲鱼体育.都市花园恒温游泳馆', '59.9元，价值88元单人单次恒温游泳，节假日通用', '', '6.80', '瑞联路40号博瑞都市花园5号门内(工商银行对面)', '028-84448441', '1517560814', '1546272000', '1517560814', '1', '1', '4', '1', '', '', '0');
INSERT INTO `sd_coupons` VALUES ('152', '舒适堡(成都店)', '28元，价值2386元舒适堡一个月健身瑜伽卡', '', '4.50', ' 红星路三段1号成都国际金融中心6楼610室(近地铁口)', '028-83383386\n\n', '1517560814', '1546272000', '1517560814', '1', '1', '4', '0', '', '', '0');
INSERT INTO `sd_coupons` VALUES ('153', '舒适堡(凯德来福士店)', '28元，价值2386元舒适堡一个月健身瑜伽卡', '', '4.50', '人民南路四段3号凯德·成都来福士广场B2层', ' 028-83342888', '1517560814', '1546272000', '1517560814', '1', '1', '4', '0', '', '', '0');
INSERT INTO `sd_coupons` VALUES ('154', '舒适堡(东方店)', '28元，价值2386元舒适堡一个月健身瑜伽卡', '', '4.50', '东大街紫东楼段11号东方广场商业中心', '028-65707050', '1517560814', '1546272000', '1517560814', '1', '1', '4', '0', '', '', '0');
INSERT INTO `sd_coupons` VALUES ('155', '准将台球俱乐部', '29.9元，价值38元台球1小时可叠加套餐/', '', '7.80', '总府路王府井C座2号门3楼(总府路与春熙路交叉口)', '028-61304339', '1517560814', '1546272000', '1517560814', '1', '1', '4', '0', '', '', '0');
INSERT INTO `sd_coupons` VALUES ('156', '赤羽射箭俱乐部', '70元，价值80元单人射箭（1小时），节假日通用', '', '8.70', '新城市广场百盛商场6楼', '028-86692238', '1517560814', '1546272000', '1517560814', '1', '1', '4', '0', '', '', '0');
INSERT INTO `sd_coupons` VALUES ('157', '金奥保龄球馆', '100元，价值180元保龄球周末节假日时段套餐（自带球鞋', '', '5.50', '体育中心(营门口立交桥)', '028-87685851`', '1517560814', '1546272000', '1517560814', '1', '1', '4', '0', '', '', '0');
INSERT INTO `sd_coupons` VALUES ('158', '射庐射箭生活馆(东郊记忆店)', '68元，价值90元单人射箭1小时（时间内不限箭数量）', '', '7.50', ' 建设南支路4号东郊记忆（东区音乐公园）影立方773IMAX楼下', '', '1517560814', '1546272000', '1517560814', '1', '1', '4', '0', '', '', '0');
INSERT INTO `sd_coupons` VALUES ('159', '射庐射箭生活馆', '68元，价值90元单人射箭1小时（时间内不限箭数量）', '', '7.50', '高新区天府二街138号蜀都中心一期2号楼1203室', '028-65181203 18', '1517560814', '1546272000', '1517560814', '1', '1', '4', '0', '', '', '0');
INSERT INTO `sd_coupons` VALUES ('160', '天图拳击俱乐部', '29.9元，价值100元单次大课体验', '', '6.50', '提督街99号恒大广场负一楼002号', '028-85583279 13', '1517560814', '1546272000', '1517560814', '1', '1', '4', '0', '', '', '0');
INSERT INTO `sd_coupons` VALUES ('161', '搏毅Battle健身私教会馆', '68元，价值688元单人1对1私教体验', '', '5.50', '盛安街63号3楼汇锦城旁', '028-86021328 15', '1517560814', '1546272000', '1517560814', '1', '1', '4', '0', '', '', '0');
INSERT INTO `sd_coupons` VALUES ('162', '安培力UPFIT功能健身中心', '79元，价值400元1v1搏击私教体验课程', '', '6.50', '天府二街138号蜀都中心一期3号楼403室(软件园)', '4000705550', '1517560814', '1546272000', '1517560814', '1', '1', '4', '0', '', '', '0');
INSERT INTO `sd_coupons` VALUES ('163', '安培力UPFIT功能健身中心(盛捷店', '79元，价值400元1v1搏击私教体验课程', '', '6.50', '人民南路三段1号盛捷江畔服务公寓三楼(华西医院旁)', '4000705550', '1517560814', '1546272000', '1517560814', '1', '1', '4', '0', '', '', '0');
INSERT INTO `sd_coupons` VALUES ('164', '無同健身', '19.9元，价值300元单人自主健身体验1次', '', '5.50', '九眼桥望江路1号中海格林威治城无同二层(望江路公交站旁)', '13408484804', '1517560814', '1546272000', '1517560814', '1', '1', '4', '0', '', '', '0');
INSERT INTO `sd_coupons` VALUES ('165', '艾仕体能特训站', '99元，价值299元全面瘦身及深层拉伸单人私教，节假日通用/299元，价值1140元单人专项瘦身塑形私教课程3节课，节假日通用', '', '7.50', '天益街38号理想中心4栋4楼402(地铁1号线高新站A出口旁)', '028-62458611 18', '1517560814', '1546272000', '1517560814', '1', '1', '4', '0', '', '', '0');
INSERT INTO `sd_coupons` VALUES ('166', '精英体育中心', '19.9元，价值120元国术精粹体验班咏春/太极，节假日通用/178元，价值800元精品泰拳私教体验课程两节，节假日通用', '', '6.50', '人民南路四段12号华宇容国府(四川省体育馆)\n\n', '028-65237069 13', '1517560814', '1546272000', '1517560814', '1', '1', '4', '0', '', '', '0');
INSERT INTO `sd_coupons` VALUES ('167', '诺威骑士马术中心', '99元，价值100元闲情圈程漫步3圈（教练牵马）/249元，价值280元英式马术体验课 教练一对一教学', '', '9.90', '花桥镇马王村诺威骑士马术中心(靠近缔威犬业)', '13558772117', '1517560814', '1546272000', '1517560814', '1', '1', '4', '0', '', '', '0');
INSERT INTO `sd_coupons` VALUES ('168', '新阵地高尔夫练习场', '69元，价值299元单人高尔夫套餐（限20-35岁使用），节假日通用', '', '5.60', '神仙树南路10号', '028-85124609', '1517560814', '1546272000', '1517560814', '1', '1', '4', '0', '', '', '0');
INSERT INTO `sd_coupons` VALUES ('169', '普鲁斯高尔夫学院', '88元，价值980元单人高尔夫体验套餐（体验流程：\n1、热身操5-10分钟\n2、器材练习10分钟\n3、动作分析\n4、纠正动作\n5、打位练习20分钟50颗球', '', '5.60', '航空路10号商业广场4楼（好百年商场）426A 室', '028-85097533 18', '1517560814', '1546272000', '1517560814', '1', '1', '4', '0', '', '', '0');
INSERT INTO `sd_coupons` VALUES ('170', '未来之星网球俱乐部(逸都路店)', '88元，价值160元2人网球私教课程1小时，节假日通用，男女通用', '', '5.50', '逸都路与龙阳街交叉口\n', '18628114339', '1517560814', '1546272000', '1517560814', '1', '1', '4', '0', '', '', '0');
INSERT INTO `sd_coupons` VALUES ('171', '成都未来之星网球俱乐部(中华园店)', '88元，价值160元2人网球私教课程1小时，节假日通用，男女通用', '', '5.50', '桐梓林北路16号进门100米', '13982024487', '1517560814', '1546272000', '1517560814', '1', '1', '4', '0', '', '', '0');
INSERT INTO `sd_coupons` VALUES ('172', '冈萨雷斯网球俱乐部(沙湾店)', '200元，价值260元网球VIP私人教练单次学习卡', '', '7.60', '沙湾路懋园国际商住城x', '13540427572 137', '1517560814', '1546272000', '1517560814', '1', '1', '4', '0', '', '', '0');
INSERT INTO `sd_coupons` VALUES ('173', '怡然网球俱乐部(桐梓林店) ', '40元，价值80元场地租赁，节假日通用！专业指导，兴趣与锻炼结合', '', '5.00', '新光路7号', '13540427572', '1517560814', '1546272000', '1517560814', '1', '1', '4', '0', '', '', '0');
INSERT INTO `sd_coupons` VALUES ('174', '氧气健身 Young Fitness（富力店', '29元，价值360元单人3次健身体验卡1张', '', '5.90', '上西顺城街289号富力天汇7楼(近体育中心)', '028-61100202 18', '1517560814', '1546272000', '1517560814', '1', '1', '4', '0', '', '', '0');
INSERT INTO `sd_coupons` VALUES ('175', '氧气健身 Young Fitness(牛市口店) ', '29元，价值360元单人3次健身体验卡1张', '', '5.90', '汇泉南路258号镏金岁月5楼(锦天府)', '18011509296', '1517560814', '1546272000', '1517560814', '1', '1', '4', '0', '', '', '0');
INSERT INTO `sd_coupons` VALUES ('176', 'FTF运动训练中心', '88元，价值500元一对一私教体验课2节', '', '6.20', '佳灵路红牌楼广场2号写字楼7-11室(地铁3号线红牌楼站D出口家乐福楼上)', '028-62057185 13', '1517560814', '1546272000', '1517560814', '1', '1', '4', '0', '', '', '0');
INSERT INTO `sd_coupons` VALUES ('177', 'keepfit健身工作室(鹭岛国际店)', '299元，价值1200元一对一瘦身塑形周卡（3次）', '', '6.90', '外双楠鹭岛国际步行街loft广场905(龙华北路鹭岛国际步行街)', '13388188858', '1517560814', '1546272000', '1517560814', '1', '1', '4', '0', '', '', '0');
INSERT INTO `sd_coupons` VALUES ('178', 'keepfit健身工作室(翡翠城店)', '299元，价值1200元一对一瘦身塑形周卡（3次）', '', '6.90', ' 华润路68号1楼(华润翡翠城、锦华万达广场、东湖国际、东湖公园)', '13388180030', '1517560814', '1546272000', '1517560814', '1', '1', '4', '0', '', '', '0');
INSERT INTO `sd_coupons` VALUES ('179', 'Keepfit健身工作室(誉峰国际店)', '299元，价值1200元一对一瘦身塑形周卡（3次）', '', '6.90', '金融城交子大道300号icp环汇商业广场808(w酒店 中海国际中心E座 誉峰东区 中海城南一号)', '13388188858', '1517560814', '1546272000', '1517560814', '1', '1', '4', '0', '', '', '0');
INSERT INTO `sd_coupons` VALUES ('180', '悦动健身工作室(伊藤店)', '29.9元，价值240元单人瘦身私教体验课1次/288元，价值1000元单人一对一私教课程体验周卡（3次）', '', '5.90', '逸都路6号1-301(双楠伊藤洋华堂员工通道)', '13550345820', '1517560814', '1546272000', '1517560814', '1', '1', '4', '0', '', '', '0');
INSERT INTO `sd_coupons` VALUES ('181', '悦动健身工作室(双楠龙湾店)', '29.9元，价值240元单人瘦身私教体验课1次/288元，价值1000元单人一对一私教课程体验周卡（3次）', '', '5.90', '龙腾西街10号龙腾商业街2楼(兴业银行对面)', '13550345820', '1517560814', '1546272000', '1517560814', '1', '1', '4', '0', '', '', '0');
INSERT INTO `sd_coupons` VALUES ('182', 'Wego纯K（高地中心店）', '138元，价值824元（周一至周日下午档包段/深夜档包段）2选1/318元，价值1476元周一至周日黄金档/下午档欢唱6小时+美食酒水套餐4选1', '', '5.80', '建设路9号高地中心3楼', '028-83311133', '1517561052', '1546272000', '1517561052', '1', '1', '5', '1', '', '', '0');
INSERT INTO `sd_coupons` VALUES ('183', 'Wego纯K(锦华万达店)', '138元，价值824元（周一至周日下午档包段/深夜档包段）2选1/318元，价值1476元周一至周日黄金档/下午档欢唱6小时+美食酒水套餐4选1', '', '5.80', '锦华路一段116号吉丰大厦1-3楼(近锦华万达广场)', '028-62023666 18', '1517561052', '1546272000', '1517561052', '1', '1', '5', '1', '', '', '0');
INSERT INTO `sd_coupons` VALUES ('184', '温莎KTV', '98元，价值342元周六、周日/小、中、大、豪华包/阳光档6小时欢唱套餐', '', '5.60', '顺城大街北段316号融城云熙(近富力天汇)', '028-62977777 40', '1517561052', '1546272000', '1517561052', '1', '1', '5', '0', '', '', '0');
INSERT INTO `sd_coupons` VALUES ('185', '学府主题k馆', '218元，价值998元黄金档12小时欢唱+酒水小吃套餐，免费WiFi', '', '5.60', '一环路南一段12号(红瓦寺路口)', '028-85229393 02', '1517561052', '1546272000', '1517561052', '1', '1', '5', '0', '', '', '0');
INSERT INTO `sd_coupons` VALUES ('186', '唱吧麦颂量贩KTV（少陵路店）', '30元，价值208元黄金档周日到周四3小时欢唱套餐，节假日通用/49元，价值268元周末下午场6小时欢唱＋茶水小吃套餐，可连续欢唱', '', '6.30', '少陵路88号为尚品康河3F', '18600335935', '1517561052', '1546272000', '1517561052', '1', '1', '5', '0', '', '', '0');
INSERT INTO `sd_coupons` VALUES ('187', '唱吧麦颂KTV(春熙路店)', '128元，价值298元全时段任选3小时+酒水小吃套餐', '', '5.30', '上东大街333号春南1号5楼', '028-66591111', '1517561052', '1546272000', '1517561052', '1', '1', '5', '0', '', '', '0');
INSERT INTO `sd_coupons` VALUES ('188', '好乐星KTV', '178元，价值1110元周日至周四黄金档9小时欢唱+酒水小吃套餐', '', '7.90', '人民南路四段53号附1号(近肿瘤医院)', '028-65062777', '1517561052', '1546272000', '1517561052', '1', '1', '5', '0', '', '', '0');
INSERT INTO `sd_coupons` VALUES ('189', '米乐星乐美斯KTV（高攀路店）', '58元，价值218元下午场6小时欢唱+茶水，酒水套餐/198元，价值498元黄金场10小时欢唱＋酒水小吃套餐！', '', '7.90', '长华路旁万科金色海蓉二期商业3楼(长华路旁 泛悦国际旁)', '028-83327779', '1517561052', '1546272000', '1517561052', '1', '1', '5', '0', '', '', '0');
INSERT INTO `sd_coupons` VALUES ('190', '纯K-Boss KTV世豪店', '68元，价值198元下午档6小时欢唱+茶水小吃套餐/128元，价值398元深夜档5.5小时欢唱+酒水小吃套餐', '', '8.50', '剑南大道中段998号世豪广场3楼C311室', '028-85551999', '1517561052', '1546272000', '1517561052', '1', '1', '5', '0', '', '', '0');
INSERT INTO `sd_coupons` VALUES ('191', '快乐星新概念KTV', '99元，价值298元黄金场8小时包段欢唱+小吃套餐，免开机费/48元，价值488元下午场5小时欢唱+饮料小吃套餐2选1', '', '8.50', '二环路西一段5号附13号', '028-85107128', '1517561052', '1546272000', '1517561052', '1', '1', '5', '0', '', '', '0');
INSERT INTO `sd_coupons` VALUES ('192', 'Magic麦咭客量K－科华锦绣旗舰店', '298元，价值818元黄金场10小时欢唱+酒水小吃套餐（三选一）/128元，价值428元周一至周日深夜场4小时欢唱+酒水小吃套餐', '', '8.50', '锦绣路38号(保利中心对面)', '028-87990707', '1517561052', '1546272000', '1517561052', '1', '1', '5', '0', '', '', '0');
INSERT INTO `sd_coupons` VALUES ('193', 'Magic麦咭客量k-高新中和形象店', '298元，价值818元黄金场10小时欢唱+酒水小吃套餐（三选一）/128元，价值428元周一至周日深夜场4小时欢唱+酒水小吃套餐', '', '8.50', '高新区中和街道中柏路276号(香榭国际3期)', '028-83388990 18', '1517561052', '1546272000', '1517561052', '1', '1', '5', '0', '', '', '0');
INSERT INTO `sd_coupons` VALUES ('194', 'M\'OK KTV', '138元，价值288元周一至周日黄金档欢唱4小时+红酒小吃套餐/469元，价值658元黄金档欢唱5小时+啤酒小吃套餐，节假日通用', '', '6.90', '水津街一号兰桂坊一栋', '028-67255588', '1517561052', '1546272000', '1517561052', '1', '1', '5', '0', '', '', '0');

-- ----------------------------
-- Table structure for sd_coupons_class
-- ----------------------------
DROP TABLE IF EXISTS `sd_coupons_class`;
CREATE TABLE `sd_coupons_class` (
  `class_id` int(10) NOT NULL AUTO_INCREMENT COMMENT 'id',
  `class_name` varchar(50) NOT NULL DEFAULT '' COMMENT '分类名称',
  `add_time` int(10) NOT NULL DEFAULT '0' COMMENT '添加时间',
  `class_thumd` varchar(150) NOT NULL DEFAULT '' COMMENT '分类缩略图',
  `class_sort` int(10) NOT NULL DEFAULT '0' COMMENT '排序',
  PRIMARY KEY (`class_id`)
) ENGINE=MyISAM AUTO_INCREMENT=7 DEFAULT CHARSET=utf8;

-- ----------------------------
-- Records of sd_coupons_class
-- ----------------------------
INSERT INTO `sd_coupons_class` VALUES ('1', '美食类商户', '1515555527', '/upload/coupons_class/20180205/2b79338a744175f2f61e6b587e27c42d.png', '5');
INSERT INTO `sd_coupons_class` VALUES ('2', '休闲娱乐', '1515563133', '/upload/coupons_class/20180205/5e6e58a47d8cb24521d42bc3cdcb2769.png', '0');
INSERT INTO `sd_coupons_class` VALUES ('3', '丽人美发', '1516005516', '/upload/coupons_class/20180205/6ca2b9a807895b19b55c16ee8bcc6241.png', '0');
INSERT INTO `sd_coupons_class` VALUES ('4', '运动健身', '1517279331', '/upload/coupons_class/20180205/a47e1c6d3dd078f0f596383b72003823.png', '0');
INSERT INTO `sd_coupons_class` VALUES ('5', 'KTV', '1517279345', '/upload/coupons_class/20180205/4249e8bea28fcd1bc091ff3caaa5352f.png', '0');

-- ----------------------------
-- Table structure for sd_coupons_log
-- ----------------------------
DROP TABLE IF EXISTS `sd_coupons_log`;
CREATE TABLE `sd_coupons_log` (
  `id` int(10) NOT NULL AUTO_INCREMENT COMMENT 'id',
  `member_id` int(10) NOT NULL DEFAULT '0' COMMENT '会员id',
  `member_phone` varchar(15) NOT NULL DEFAULT '' COMMENT '会员电话',
  `add_time` int(10) NOT NULL DEFAULT '0' COMMENT '中奖时间',
  `coupons_id` int(10) NOT NULL DEFAULT '0' COMMENT '优惠券id',
  `is_use` tinyint(1) NOT NULL DEFAULT '0' COMMENT '是否使用',
  `code_str` varchar(10) NOT NULL DEFAULT '' COMMENT '随机码',
  `is_validate` tinyint(1) NOT NULL DEFAULT '0' COMMENT '是否验证',
  `validate_time` int(10) NOT NULL DEFAULT '0' COMMENT '验证时间',
  PRIMARY KEY (`id`)
) ENGINE=InnoDB AUTO_INCREMENT=8 DEFAULT CHARSET=utf8;

-- ----------------------------
-- Records of sd_coupons_log
-- ----------------------------
INSERT INTO `sd_coupons_log` VALUES ('1', '1', '15858282359', '0', '1', '0', '', '0', '0');
INSERT INTO `sd_coupons_log` VALUES ('2', '1', '15858282359', '1516601809', '4', '0', '', '0', '0');
INSERT INTO `sd_coupons_log` VALUES ('3', '1', '15858282359', '1516602132', '3', '0', '', '0', '0');
INSERT INTO `sd_coupons_log` VALUES ('4', '3', '15828230592', '1517204885', '4', '1', 'CBDD75E', '0', '0');
INSERT INTO `sd_coupons_log` VALUES ('5', '5', '15828230596', '1517278586', '4', '1', 'C708371', '0', '0');
INSERT INTO `sd_coupons_log` VALUES ('6', '3', '15828230592', '1517451100', '3', '0', '', '0', '0');
INSERT INTO `sd_coupons_log` VALUES ('7', '3', '15828230592', '1517814288', '6', '0', '', '0', '0');

-- ----------------------------
-- Table structure for sd_member
-- ----------------------------
DROP TABLE IF EXISTS `sd_member`;
CREATE TABLE `sd_member` (
  `id` int(10) NOT NULL AUTO_INCREMENT COMMENT 'id',
  `openid` varchar(100) NOT NULL DEFAULT '' COMMENT '微信openid',
  `member_name` varchar(50) NOT NULL DEFAULT '' COMMENT '会员名称',
  `member_phone` varchar(15) NOT NULL DEFAULT '' COMMENT '会员电话',
  `member_email` varchar(50) NOT NULL DEFAULT '' COMMENT '会员邮箱',
  `real_name` varchar(10) NOT NULL DEFAULT '' COMMENT '真实名称',
  `nike_name` varchar(50) NOT NULL DEFAULT '' COMMENT '会员昵称',
  `add_time` int(10) NOT NULL DEFAULT '0' COMMENT '添加时间',
  `update_time` int(10) NOT NULL DEFAULT '0' COMMENT '更新时间',
  `lottery` int(10) NOT NULL DEFAULT '50' COMMENT '抽奖次数',
  `is_use` tinyint(1) NOT NULL DEFAULT '1' COMMENT '是否运行使用',
  `status` tinyint(1) NOT NULL DEFAULT '1' COMMENT '会员状态',
  PRIMARY KEY (`id`)
) ENGINE=MyISAM AUTO_INCREMENT=6 DEFAULT CHARSET=utf8;

-- ----------------------------
-- Records of sd_member
-- ----------------------------
INSERT INTO `sd_member` VALUES ('1', '', '15858282359', '15858282359', '', '', '', '0', '0', '50', '1', '1');
INSERT INTO `sd_member` VALUES ('3', '', '15828230592', '15828230592', '', '', '', '0', '0', '50', '1', '1');
INSERT INTO `sd_member` VALUES ('4', '', '15828230593', '15828230593', '', '', '', '1517204690', '0', '50', '1', '1');
INSERT INTO `sd_member` VALUES ('5', '', '15828230596', '15828230596', '', '', '', '1517278536', '0', '50', '1', '1');

-- ----------------------------
-- Table structure for sd_node
-- ----------------------------
DROP TABLE IF EXISTS `sd_node`;
CREATE TABLE `sd_node` (
  `id` int(11) NOT NULL AUTO_INCREMENT,
  `node_name` varchar(155) NOT NULL DEFAULT '' COMMENT '节点名称',
  `control_name` varchar(155) NOT NULL DEFAULT '' COMMENT '控制器名',
  `action_name` varchar(155) NOT NULL COMMENT '方法名',
  `is_menu` tinyint(1) NOT NULL DEFAULT '1' COMMENT '是否是菜单项 1不是 2是',
  `type_id` int(11) NOT NULL COMMENT '父级节点id',
  `style` varchar(155) DEFAULT '' COMMENT '菜单样式',
  PRIMARY KEY (`id`)
) ENGINE=InnoDB AUTO_INCREMENT=61 DEFAULT CHARSET=utf8 ROW_FORMAT=DYNAMIC;

-- ----------------------------
-- Records of sd_node
-- ----------------------------
INSERT INTO `sd_node` VALUES ('1', '管理员管理', '#', '#', '2', '0', 'fa fa-users');
INSERT INTO `sd_node` VALUES ('2', '管理员管理', 'admin', 'index', '2', '1', '');
INSERT INTO `sd_node` VALUES ('3', '添加管理员', 'admin', 'adminadd', '1', '2', '');
INSERT INTO `sd_node` VALUES ('4', '编辑管理员', 'admin', 'adminedit', '1', '2', '');
INSERT INTO `sd_node` VALUES ('5', '删除管理员', 'admin', 'admindel', '1', '2', '');
INSERT INTO `sd_node` VALUES ('6', '角色管理', 'role', 'index', '2', '1', '');
INSERT INTO `sd_node` VALUES ('7', '添加角色', 'role', 'roleadd', '1', '6', '');
INSERT INTO `sd_node` VALUES ('8', '编辑角色', 'role', 'roleedit', '1', '6', '');
INSERT INTO `sd_node` VALUES ('9', '删除角色', 'role', 'roledel', '1', '6', '');
INSERT INTO `sd_node` VALUES ('10', '分配权限', 'role', 'giveaccess', '1', '6', '');
INSERT INTO `sd_node` VALUES ('11', '系统管理', '#', '#', '2', '0', 'fa fa-desktop');
INSERT INTO `sd_node` VALUES ('12', '数据备份/还原', 'system', 'indexdata', '2', '11', '');
INSERT INTO `sd_node` VALUES ('13', '备份数据', 'system', 'importdata', '1', '12', '');
INSERT INTO `sd_node` VALUES ('14', '还原数据', 'system', 'backdata', '1', '12', '');
INSERT INTO `sd_node` VALUES ('15', '节点管理', 'node', 'index', '2', '1', '');
INSERT INTO `sd_node` VALUES ('16', '添加节点', 'node', 'nodeadd', '1', '15', '');
INSERT INTO `sd_node` VALUES ('17', '编辑节点', 'node', 'nodeedit', '1', '15', '');
INSERT INTO `sd_node` VALUES ('18', '删除节点', 'node', 'nodedel', '1', '15', '');
INSERT INTO `sd_node` VALUES ('24', '会员管理', '#', '#', '2', '0', 'fa fa-user');
INSERT INTO `sd_node` VALUES ('25', '会员管理', 'member', 'index', '2', '24', '');
INSERT INTO `sd_node` VALUES ('26', '删除会员', 'member', 'member_del', '1', '25', '');
INSERT INTO `sd_node` VALUES ('27', '抽奖管理', '#', '#', '2', '0', 'fa fa-bars');
INSERT INTO `sd_node` VALUES ('28', '奖品管理', 'award', 'award_list', '2', '27', '');
INSERT INTO `sd_node` VALUES ('29', '添加奖品', 'award', 'award_add', '1', '28', '');
INSERT INTO `sd_node` VALUES ('32', '删除奖品', 'award', 'award_del', '1', '28', '');
INSERT INTO `sd_node` VALUES ('33', '编辑奖品', 'award', 'award_edit', '1', '28', '');
INSERT INTO `sd_node` VALUES ('34', '中奖记录', 'award', 'award_log', '2', '27', '');
INSERT INTO `sd_node` VALUES ('35', '门店优惠券管理', '#', '#', '2', '0', 'fa fa-newspaper-o');
INSERT INTO `sd_node` VALUES ('36', '优惠券管理', 'coupons', 'coupons_list', '2', '35', '');
INSERT INTO `sd_node` VALUES ('37', '添加优惠券', 'coupons', 'coupons_add', '1', '36', '');
INSERT INTO `sd_node` VALUES ('38', '删除优惠券', 'coupons', 'coupons_del', '1', '36', '');
INSERT INTO `sd_node` VALUES ('39', '编辑优惠券', 'coupons', 'coupons_edit', '1', '36', '');
INSERT INTO `sd_node` VALUES ('40', '用户记录', '#', '#', '1', '0', 'fa fa-cube');
INSERT INTO `sd_node` VALUES ('41', 'ETC记录', 'record', 'etc_list', '2', '40', '');
INSERT INTO `sd_node` VALUES ('42', '社保记录', 'record', 'social_list', '2', '40', '');
INSERT INTO `sd_node` VALUES ('43', '删除etc记录', 'record', 'etc_del', '1', '41', '');
INSERT INTO `sd_node` VALUES ('44', '删除社保记录', 'record', 'social', '1', '42', '');
INSERT INTO `sd_node` VALUES ('45', '导出excel', 'record', 'etc_export', '1', '41', '');
INSERT INTO `sd_node` VALUES ('46', '导出excel', 'record', 'social_export', '1', '42', '');
INSERT INTO `sd_node` VALUES ('47', '门店管理', 'coupons', 'store_list', '1', '35', '');
INSERT INTO `sd_node` VALUES ('48', '添加门店', 'coupons', 'store_add', '1', '47', '');
INSERT INTO `sd_node` VALUES ('49', '门店编辑', 'coupons', 'store_edit', '1', '47', '');
INSERT INTO `sd_node` VALUES ('50', '删除门店', 'coupons', 'store_del', '1', '47', '');
INSERT INTO `sd_node` VALUES ('52', '导出中奖记录', 'award', 'award_explod', '1', '34', '');
INSERT INTO `sd_node` VALUES ('53', '更改兑换状态', 'award', 'award_log_edit', '1', '34', '');
INSERT INTO `sd_node` VALUES ('54', ' 优惠券分类', 'coupons', 'coupons_class_list', '2', '35', '');
INSERT INTO `sd_node` VALUES ('55', '添加分类', 'coupons', 'coupons_class_add', '1', '54', '');
INSERT INTO `sd_node` VALUES ('56', '编辑分类', 'coupons', 'coupons_class_edit', '1', '54', '');
INSERT INTO `sd_node` VALUES ('57', '删除分类', 'coupons', 'coupons_class_del', '1', '54', '');
INSERT INTO `sd_node` VALUES ('58', '领取优惠券记录', 'coupons', 'coupons_log', '2', '35', '');
INSERT INTO `sd_node` VALUES ('59', '重置密码', 'coupons', 'reset_pass', '1', '36', '');
INSERT INTO `sd_node` VALUES ('60', '重置密码', 'award', 'reset_pass', '1', '28', '');

-- ----------------------------
-- Table structure for sd_record_etc
-- ----------------------------
DROP TABLE IF EXISTS `sd_record_etc`;
CREATE TABLE `sd_record_etc` (
  `id` int(10) NOT NULL AUTO_INCREMENT COMMENT 'id',
  `etc_name` varchar(20) NOT NULL DEFAULT '' COMMENT '姓名',
  `etc_phone` varchar(11) NOT NULL DEFAULT '' COMMENT '电话',
  `add_time` int(10) NOT NULL DEFAULT '0' COMMENT '添加时间',
  `member_id` int(10) NOT NULL DEFAULT '0' COMMENT '会员id',
  PRIMARY KEY (`id`)
) ENGINE=MyISAM DEFAULT CHARSET=utf8;

-- ----------------------------
-- Records of sd_record_etc
-- ----------------------------

-- ----------------------------
-- Table structure for sd_record_social
-- ----------------------------
DROP TABLE IF EXISTS `sd_record_social`;
CREATE TABLE `sd_record_social` (
  `id` int(10) NOT NULL AUTO_INCREMENT COMMENT 'id',
  `s_name` varchar(20) NOT NULL DEFAULT '' COMMENT '姓名',
  `s_phone` varchar(15) NOT NULL DEFAULT '' COMMENT '电话',
  `add_time` int(10) NOT NULL DEFAULT '0' COMMENT '添加时间',
  `member_id` int(10) NOT NULL DEFAULT '0' COMMENT '会员id',
  PRIMARY KEY (`id`)
) ENGINE=MyISAM DEFAULT CHARSET=utf8;

-- ----------------------------
-- Records of sd_record_social
-- ----------------------------

-- ----------------------------
-- Table structure for sd_role
-- ----------------------------
DROP TABLE IF EXISTS `sd_role`;
CREATE TABLE `sd_role` (
  `id` int(11) NOT NULL AUTO_INCREMENT COMMENT 'id',
  `role_name` varchar(155) NOT NULL COMMENT '角色名称',
  `rule` varchar(255) DEFAULT '' COMMENT '权限节点数据',
  PRIMARY KEY (`id`)
) ENGINE=InnoDB AUTO_INCREMENT=3 DEFAULT CHARSET=utf8 ROW_FORMAT=DYNAMIC;

-- ----------------------------
-- Records of sd_role
-- ----------------------------
INSERT INTO `sd_role` VALUES ('1', '超级管理员', '*');
INSERT INTO `sd_role` VALUES ('2', '系统维护员', '24,25,26,35,36,37,38,39,47,48,49,50,54,55,56,57,58');

-- ----------------------------
-- Table structure for sd_store
-- ----------------------------
DROP TABLE IF EXISTS `sd_store`;
CREATE TABLE `sd_store` (
  `id` int(10) NOT NULL AUTO_INCREMENT COMMENT 'id',
  `store_name` varchar(100) NOT NULL DEFAULT '' COMMENT '门店名称',
  `store_thumd` varchar(100) NOT NULL DEFAULT '' COMMENT '门店缩略图',
  `store_address` varchar(100) NOT NULL DEFAULT '' COMMENT '门店地址',
  `store_phone` varchar(15) NOT NULL DEFAULT '' COMMENT '门店电话',
  `store_unique` varchar(50) NOT NULL DEFAULT '' COMMENT '门店唯一标识',
  `coupons_id` int(10) NOT NULL DEFAULT '0' COMMENT '门店优惠券id',
  `user_id` int(10) NOT NULL DEFAULT '0' COMMENT '管理员id',
  `add_time` int(10) NOT NULL DEFAULT '0' COMMENT '添加时间',
  `status` tinyint(1) NOT NULL DEFAULT '1' COMMENT '门店状态',
  PRIMARY KEY (`id`)
) ENGINE=MyISAM DEFAULT CHARSET=utf8;

-- ----------------------------
-- Records of sd_store
-- ----------------------------
